Methods,iris.csv,blobs,S-curve
DIG,1.3756536793972676,4.110434259835165,1.9951350597315467
DTA,1.5268897439935245,3.338763241400011,3.0644376063952223
SSMA,2.1731794040999377,6.271859547204803,3.4365036656032317
MAGAN,32.99132832803298,39.99473727599252,39.53527066204697
SPUD,1.3051443824505744,3.755011196966128,2.414608305665509
NAMA,4.846660927985795,27.665479048038836,10.913747378042899
