Methods,zoo.csv,hepatitis.csv,iris.csv,seeds.csv,S-curve,parkinsons.csv,audiology.csv,glass.csv,segmentation.csv,blobs,heart_failure.csv,heart_disease.csv,ecoli_5.csv,flare1.csv,ionosphere.csv
DIG,2.0511464457338056,3.673588265501894,3.4013577293992663,6.336899220035411,5.553547904834462,6.7211553377991855,6.111069788298725,5.886319061166917,7.850723620698166,15.192974039632826,21.81268471419656,21.008765588731816,24.4063171561691,28.335809342799863,28.37238518266628
DTA,1.5417154576978649,3.795741596107837,4.622845504898578,11.307131583592854,9.567897469596938,9.27298396610422,9.175170404894743,11.141552654805128,11.84030810999684,12.080289944598915,26.99351307429606,35.95869172699749,35.82165473389905,36.89552256310126,48.62130191170145
SSMA,1.1597218508948572,4.24852272659773,4.294493738596794,11.139337890793104,9.94126066149911,8.124955018993933,6.804995122901164,14.130429691204336,12.805080648802686,18.21141041839728,26.902836174098773,28.5327457254054,36.20732457210543,34.168887123197784,37.06498090339592
MAGAN,36.20200023299549,60.45402343897149,72.02793709700927,56.74217506498098,108.3822513440391,63.48619473201688,66.88718693109695,61.84357172693126,42.74824154004455,71.53399182797875,36.72228478395846,41.68770151294302,41.98404211504385,47.25491074693855,51.612676540971734
SPUD,1.979574754232696,3.642992888117442,3.596050744398963,5.099518222099869,5.512880642882859,6.064839046632794,6.817884989434,8.767956969351507,8.60190786504924,9.765457615599734,13.288621036884916,16.608557336401038,17.09061557740012,18.851015400166705,29.439159316848965
NAMA,2.7321132170036435,4.872488636057824,6.22723155899439,10.44833361695055,14.486528272973374,16.270394620951265,14.216227942029946,19.21412637096364,15.46568150690291,35.610121973906644,39.07372079999186,45.30947441398166,49.36535301001277,54.300961946020834,81.47374001296703
